study,case_id,obligation_or_system,transformation,counted_in_paper_claim,basis
development,1,Automatic event recording over lifetime (AI Act Art 12; ISO A.6.2.8),T2-fact → T1,yes,"enumerated in classification-corpus.md §5(e): Class T, closed by T1 at the identity or signing layer, no second recursion"
development,2,Human oversight; ability to intervene (AI Act Art 14),T2-verdict + T3 + **residual**,no,"T2 case, but not among the seven the frozen note enumerates; both carry a residual alongside the transport"
development,3,Disclose AI interaction / mark AI content (AI Act Art 50),T2-fact → T1,yes,"enumerated in classification-corpus.md §5(e): Class T, closed by T1 at the identity or signing layer, no second recursion"
development,4,Resist adversarial manipulation / prompt injection (AI Act Art 15),T2-fact → T1,yes,"enumerated in classification-corpus.md §5(e): Class T, closed by T1 at the identity or signing layer, no second recursion"
development,10,System used only for its intended purpose (ISO A.9.4),T2-verdict + **residual**,no,"T2 case, but not among the seven the frozen note enumerates; both carry a residual alongside the transport"
development,19,Agent pursues only its authorised objective (OWASP ASI01 Goal Hijack),T2-fact → T1,yes,"enumerated in classification-corpus.md §5(e): Class T, closed by T1 at the identity or signing layer, no second recursion"
development,20,Tool calls stay within legitimate task scope (OWASP ASI02 Tool Misuse),T2-verdict (capability) → T1,yes,"enumerated in classification-corpus.md §5(e): Class T, closed by T1 at the identity or signing layer, no second recursion"
development,21,Agent identity & delegated privilege (OWASP ASI03),T2-fact → T1,yes,"enumerated in classification-corpus.md §5(e): Class T, closed by T1 at the identity or signing layer, no second recursion"
development,23,Memory/context integrity (OWASP ASI06),T2-fact → T1,yes,"enumerated in classification-corpus.md §5(e): Class T, closed by T1 at the identity or signing layer, no second recursion"
held-out,H1,No decision based solely on automated processing with legal/significant effect (GDPR Art 22(1)),T2 fact,no,"heldout-test.md §3 claims 3/3 termination for this study but does not say which three of these six; not reconstructable, so excluded from the paper's count"
held-out,H2,"Right to obtain human intervention, express a view, contest (GDPR Art 22(3))",T2 verdict,no,"heldout-test.md §3 claims 3/3 termination for this study but does not say which three of these six; not reconstructable, so excluded from the paper's count"
held-out,H3,Purpose limitation — no incompatible further processing (GDPR Art 5(1)(b)),T2 fact,no,"heldout-test.md §3 claims 3/3 termination for this study but does not say which three of these six; not reconstructable, so excluded from the paper's count"
held-out,H9,"Prevent sensitive-data egress to external models (CSA AICM, data security)",T2 fact,no,"heldout-test.md §3 claims 3/3 termination for this study but does not say which three of these six; not reconstructable, so excluded from the paper's count"
held-out,H13,"Consume a GPAI provider's training-content summary (AI Act Art 53, deployer view)",T2 verdict,no,"heldout-test.md §3 claims 3/3 termination for this study but does not say which three of these six; not reconstructable, so excluded from the paper's count"
held-out,H14,Disclose only the minimum PHI necessary for the purpose (HIPAA minimum necessary),T2 verdict,no,"heldout-test.md §3 claims 3/3 termination for this study but does not say which three of these six; not reconstructable, so excluded from the paper's count"
held-out-2,K1,Limit number and rate of model queries (ATLAS AML.M0004),T2 fact + T1 counters; extraction under the limit placed in ,yes,the sealed prediction names a derived integrity obligation closing by T1 at the identity or signing layer
held-out-2,K3,Detect and block adversarial inputs (ATLAS AML.M0015),T2 fact (segments to Z4) + T3 (detector),no,T2 row whose derived integrity obligation the sealed prediction pass did not name; not counted
held-out-2,K4,Bind and sign provenance on release (C2PA),T2 fact — manifest travels with the asset; derived integrity,yes,the sealed prediction names a derived integrity obligation closing by T1 at the identity or signing layer
held-out-2,K5,Validate provenance on ingest (C2PA),"T1 (signature, binding, trust list) + T2 verdict (the assert",no,T2 row whose derived integrity obligation the sealed prediction pass did not name; not counted
held-out-2,K8,Ongoing monitoring (SR 11-7 §V),T2 fact (use-case tag) + T3 (detective baseline),yes,the sealed prediction names a derived integrity obligation closing by T1 at the identity or signing layer
held-out-2,K9,Change control (SR 11-7 §V),"T2 verdict — signed approval bound to the artifact, gating r",yes,the sealed prediction names a derived integrity obligation closing by T1 at the identity or signing layer
held-out-2,K11,Audit trail linking decision to data (TBS Directive),T2 fact ×2 + T1 (version) + T3 (attribution as proxy),no,T2 row whose derived integrity obligation the sealed prediction pass did not name; not counted
held-out-2,K12,Pre-production bias testing (TBS Directive),T2 verdict ×2 — signed disparity assessment and signed accep,yes,the sealed prediction names a derived integrity obligation closing by T1 at the identity or signing layer
retrodiction,P4,Microsoft Azure AI,T2 verdict — the fact sits inside the provider's boundary; e,documented,"the derived integrity obligation is discharged in the documented design, observed rather than reasoned"
retrodiction,P12,Progent (2504.11703),T2 verdict — a policy object transported to the tool-call bo,documented,"the derived integrity obligation is discharged in the documented design, observed rather than reasoned"
retrodiction,P13,Microsoft Purview / sensitivity labels in AI interactions,T2 fact — labels applied at the data layer must travel with ,documented,"the derived integrity obligation is discharged in the documented design, observed rather than reasoned"
